-- Adminer 4.2.5 MySQL dump

SET NAMES utf8;
SET time_zone = '+00:00';
SET foreign_key_checks = 0;
SET sql_mode = 'NO_AUTO_VALUE_ON_ZERO';

DROP TABLE IF EXISTS `city`;
CREATE TABLE `city` (
  `city_id` int(11) NOT NULL AUTO_INCREMENT,
  `city_name` varchar(30) NOT NULL,
  `state_id` int(11) NOT NULL,
  PRIMARY KEY (`city_id`),
  KEY `state_id` (`state_id`),
  CONSTRAINT `city_ibfk_1` FOREIGN KEY (`state_id`) REFERENCES `state` (`state_id`)
) ENGINE=InnoDB DEFAULT CHARSET=latin1;

INSERT INTO `city` (`city_id`, `city_name`, `state_id`) VALUES
(1,	'North and Middle Andaman',	1),
(2,	'South Andaman',	1),
(3,	'Nicobar',	1),
(5,	'Adilabad',	2),
(6,	'Anantapur',	2),
(7,	'Chittoor',	2),
(8,	'East Godavari',	2),
(9,	'Guntur',	2),
(10,	'Hyderabad',	2),
(11,	'Kadapa',	2),
(12,	'Karimnagar',	2),
(13,	'Khammam',	2),
(14,	'Krishna',	2),
(15,	'Kurnool',	2),
(16,	'Mahbubnagar',	2),
(17,	'Medak',	2),
(18,	'Nalgonda',	2),
(19,	'Nellore',	2),
(20,	'Nizamabad',	2),
(21,	'Prakasam',	2),
(22,	'Rangareddi',	2),
(23,	'Srikakulam',	2),
(24,	'Vishakhapatnam',	2),
(25,	'Vizianagaram',	2),
(26,	'Warangal',	2),
(27,	'West Godavari',	2),
(29,	'Anjaw',	3),
(30,	'Changlang',	3),
(31,	'East Kameng',	3),
(32,	'Lohit',	3),
(33,	'Lower Subansiri',	3),
(34,	'Papum Pare',	3),
(35,	'Tirap',	3),
(36,	'Dibang Valley',	3),
(37,	'Upper Subansiri',	3),
(38,	'West Kameng',	3),
(40,	'Barpeta',	4),
(41,	'Bongaigaon',	4),
(42,	'Cachar',	4),
(43,	'Darrang',	4),
(44,	'Dhemaji',	4),
(45,	'Dhubri',	4),
(46,	'Dibrugarh',	4),
(47,	'Goalpara',	4),
(48,	'Golaghat',	4),
(49,	'Hailakandi',	4),
(50,	'Jorhat',	4),
(51,	'Karbi Anglong',	4),
(52,	'Karimganj',	4),
(53,	'Kokrajhar',	4),
(54,	'Lakhimpur',	4),
(55,	'Marigaon',	4),
(56,	'Nagaon',	4),
(57,	'Nalbari',	4),
(58,	'North Cachar Hills',	4),
(59,	'Sibsagar',	4),
(60,	'Sonitpur',	4),
(61,	'Tinsukia',	4),
(63,	'Araria',	5),
(64,	'Aurangabad',	5),
(65,	'Banka',	5),
(66,	'Begusarai',	5),
(67,	'Bhagalpur',	5),
(68,	'Bhojpur',	5),
(69,	'Buxar',	5),
(70,	'Darbhanga',	5),
(71,	'Purba Champaran',	5),
(72,	'Gaya',	5),
(73,	'Gopalganj',	5),
(74,	'Jamui',	5),
(75,	'Jehanabad',	5),
(76,	'Khagaria',	5),
(77,	'Kishanganj',	5),
(78,	'Kaimur',	5),
(79,	'Katihar',	5),
(80,	'Lakhisarai',	5),
(81,	'Madhubani',	5),
(82,	'Munger',	5),
(83,	'Madhepura',	5),
(84,	'Muzaffarpur',	5),
(85,	'Nalanda',	5),
(86,	'Nawada',	5),
(87,	'Patna',	5),
(88,	'Purnia',	5),
(89,	'Rohtas',	5),
(90,	'Saharsa',	5),
(91,	'Samastipur',	5),
(92,	'Sheohar',	5),
(93,	'Sheikhpura',	5),
(94,	'Saran',	5),
(95,	'Sitamarhi',	5),
(96,	'Supaul',	5),
(97,	'Siwan',	5),
(98,	'Vaishali',	5),
(99,	'Pashchim Champaran',	5),
(102,	'Bastar',	6),
(103,	'Bilaspur',	6),
(104,	'Dantewada',	6),
(105,	'Dhamtari',	6),
(106,	'Durg',	6),
(107,	'Jashpur',	6),
(108,	'Janjgir-Champa',	6),
(109,	'Korba',	6),
(110,	'Koriya',	6),
(111,	'Kanker',	6),
(112,	'Kawardha',	6),
(113,	'Mahasamund',	6),
(114,	'Raigarh',	6),
(115,	'Rajnandgaon',	6),
(116,	'Raipur',	6),
(117,	'Surguja',	6),
(118,	'Dadra and Nagar Haveli',	7),
(120,	'Diu',	8),
(121,	'Daman',	8),
(123,	'Central Delhi',	9),
(124,	'East Delhi',	9),
(125,	'New Delhi',	9),
(126,	'North Delhi',	9),
(127,	'North East Delhi',	9),
(128,	'North West Delhi',	9),
(129,	'South Delhi',	9),
(130,	'South West Delhi',	9),
(131,	'West Delhi',	9),
(133,	'North Goa',	10),
(134,	'South Goa',	10),
(136,	'Ahmedabad',	11),
(137,	'Amreli District',	11),
(138,	'Anand',	11),
(139,	'Banaskantha',	11),
(140,	'Bharuch',	11),
(141,	'Bhavnagar',	11),
(142,	'Dahod',	11),
(143,	'The Dangs',	11),
(144,	'Gandhinagar',	11),
(145,	'Jamnagar',	11),
(146,	'Junagadh',	11),
(147,	'Kutch',	11),
(148,	'Kheda',	11),
(149,	'Mehsana',	11),
(150,	'Narmada',	11),
(151,	'Navsari',	11),
(152,	'Patan',	11),
(153,	'Panchmahal',	11),
(154,	'Porbandar',	11),
(155,	'Rajkot',	11),
(156,	'Sabarkantha',	11),
(157,	'Surendranagar',	11),
(158,	'Surat',	11),
(159,	'Vadodara',	11),
(160,	'Valsad',	11),
(162,	'Ambala',	12),
(163,	'Bhiwani',	12),
(164,	'Faridabad',	12),
(165,	'Fatehabad',	12),
(166,	'Gurgaon',	12),
(167,	'Hissar',	12),
(168,	'Jhajjar',	12),
(169,	'Jind',	12),
(170,	'Karnal',	12),
(171,	'Kaithal',	12),
(172,	'Kurukshetra',	12),
(173,	'Mahendragarh',	12),
(174,	'Mewat',	12),
(175,	'Panchkula',	12),
(176,	'Panipat',	12),
(177,	'Rewari',	12),
(178,	'Rohtak',	12),
(179,	'Sirsa',	12),
(180,	'Sonepat',	12),
(181,	'Yamuna Nagar',	12),
(182,	'Palwal',	12),
(184,	'Bilaspur',	13),
(185,	'Chamba',	13),
(186,	'Hamirpur',	13),
(187,	'Kangra',	13),
(188,	'Kinnaur',	13),
(189,	'Kulu',	13),
(190,	'Lahaul and Spiti',	13),
(191,	'Mandi',	13),
(192,	'Shimla',	13),
(193,	'Sirmaur',	13),
(194,	'Solan',	13),
(195,	'Una',	13),
(197,	'Anantnag',	14),
(198,	'Badgam',	14),
(199,	'Bandipore',	14),
(200,	'Baramula',	14),
(201,	'Doda',	14),
(202,	'Jammu',	14),
(203,	'Kargil',	14),
(204,	'Kathua',	14),
(205,	'Kupwara',	14),
(206,	'Leh',	14),
(207,	'Poonch',	14),
(208,	'Pulwama',	14),
(209,	'Rajauri',	14),
(210,	'Srinagar',	14),
(211,	'Samba',	14),
(212,	'Udhampur',	14),
(214,	'Bokaro',	15),
(215,	'Chatra',	15),
(216,	'Deoghar',	15),
(217,	'Dhanbad',	15),
(218,	'Dumka',	15),
(219,	'Purba Singhbhum',	15),
(220,	'Garhwa',	15),
(221,	'Giridih',	15),
(222,	'Godda',	15),
(223,	'Gumla',	15),
(224,	'Hazaribagh',	15),
(225,	'Koderma',	15),
(226,	'Lohardaga',	15),
(227,	'Pakur',	15),
(228,	'Palamu',	15),
(229,	'Ranchi',	15),
(230,	'Sahibganj',	15),
(231,	'Seraikela and Kharsawan',	15),
(232,	'Pashchim Singhbhum',	15),
(233,	'Ramgarh',	15),
(235,	'Bidar',	16),
(236,	'Belgaum',	16),
(237,	'Bijapur',	16),
(238,	'Bagalkot',	16),
(239,	'Bellary',	16),
(240,	'Bangalore Rural District',	16),
(241,	'Bangalore Urban District',	16),
(242,	'Chamarajnagar',	16),
(243,	'Chikmagalur',	16),
(244,	'Chitradurga',	16),
(245,	'Davanagere',	16),
(246,	'Dharwad',	16),
(247,	'Dakshina Kannada',	16),
(248,	'Gadag',	16),
(249,	'Gulbarga',	16),
(250,	'Hassan',	16),
(251,	'Haveri District',	16),
(252,	'Kodagu',	16),
(253,	'Kolar',	16),
(254,	'Koppal',	16),
(255,	'Mandya',	16),
(256,	'Mysore',	16),
(257,	'Raichur',	16),
(258,	'Shimoga',	16),
(259,	'Tumkur',	16),
(260,	'Udupi',	16),
(261,	'Uttara Kannada',	16),
(262,	'Ramanagara',	16),
(263,	'Chikballapur',	16),
(264,	'Yadagiri',	16),
(266,	'Alappuzha',	17),
(267,	'Ernakulam',	17),
(268,	'Idukki',	17),
(269,	'Kollam',	17),
(270,	'Kannur',	17),
(271,	'Kasaragod',	17),
(272,	'Kottayam',	17),
(273,	'Kozhikode',	17),
(274,	'Malappuram',	17),
(275,	'Palakkad',	17),
(276,	'Pathanamthitta',	17),
(277,	'Thrissur',	17),
(278,	'Thiruvananthapuram',	17),
(279,	'Wayanad',	17),
(280,	'Lakshadweep',	18),
(282,	'Alirajpur',	19),
(283,	'Anuppur',	19),
(284,	'Ashok Nagar',	19),
(285,	'Balaghat',	19),
(286,	'Barwani',	19),
(287,	'Betul',	19),
(288,	'Bhind',	19),
(289,	'Bhopal',	19),
(290,	'Burhanpur',	19),
(291,	'Chhatarpur',	19),
(292,	'Chhindwara',	19),
(293,	'Damoh',	19),
(294,	'Datia',	19),
(295,	'Dewas',	19),
(296,	'Dhar',	19),
(297,	'Dindori',	19),
(298,	'Guna',	19),
(299,	'Gwalior',	19),
(300,	'Harda',	19),
(301,	'Hoshangabad',	19),
(302,	'Indore',	19),
(303,	'Jabalpur',	19),
(304,	'Jhabua',	19),
(305,	'Katni',	19),
(306,	'Khandwa',	19),
(307,	'Khargone',	19),
(308,	'Mandla',	19),
(309,	'Mandsaur',	19),
(310,	'Morena',	19),
(311,	'Narsinghpur',	19),
(312,	'Neemuch',	19),
(313,	'Panna',	19),
(314,	'Rewa',	19),
(315,	'Rajgarh',	19),
(316,	'Ratlam',	19),
(317,	'Raisen',	19),
(318,	'Sagar',	19),
(319,	'Satna',	19),
(320,	'Sehore',	19),
(321,	'Seoni',	19),
(322,	'Shahdol',	19),
(323,	'Shajapur',	19),
(324,	'Sheopur',	19),
(325,	'Shivpuri',	19),
(326,	'Sidhi',	19),
(327,	'Singrauli',	19),
(328,	'Tikamgarh',	19),
(329,	'Ujjain',	19),
(330,	'Umaria',	19),
(331,	'Vidisha',	19),
(333,	'Ahmednagar',	20),
(334,	'Akola',	20),
(335,	'Amrawati',	20),
(336,	'Aurangabad',	20),
(337,	'Bhandara',	20),
(338,	'Beed',	20),
(339,	'Buldhana',	20),
(340,	'Chandrapur',	20),
(341,	'Dhule',	20),
(342,	'Gadchiroli',	20),
(343,	'Gondiya',	20),
(344,	'Hingoli',	20),
(345,	'Jalgaon',	20),
(346,	'Jalna',	20),
(347,	'Kolhapur',	20),
(348,	'Latur',	20),
(349,	'Mumbai City',	20),
(350,	'Mumbai suburban',	20),
(351,	'Nandurbar',	20),
(352,	'Nanded',	20),
(353,	'Nagpur',	20),
(354,	'Nashik',	20),
(355,	'Osmanabad',	20),
(356,	'Parbhani',	20),
(357,	'Pune',	20),
(358,	'Raigad',	20),
(359,	'Ratnagiri',	20),
(360,	'Sindhudurg',	20),
(361,	'Sangli',	20),
(362,	'Solapur',	20),
(363,	'Satara',	20),
(364,	'Thane',	20),
(365,	'Wardha',	20),
(366,	'Washim',	20),
(367,	'Yavatmal',	20),
(369,	'Bishnupur',	21),
(370,	'Churachandpur',	21),
(371,	'Chandel',	21),
(372,	'Imphal East',	21),
(373,	'Senapati',	21),
(374,	'Tamenglong',	21),
(375,	'Thoubal',	21),
(376,	'Ukhrul',	21),
(377,	'Imphal West',	21),
(379,	'East Garo Hills',	22),
(380,	'East Khasi Hills',	22),
(381,	'Jaintia Hills',	22),
(382,	'Ri-Bhoi',	22),
(383,	'South Garo Hills',	22),
(384,	'West Garo Hills',	22),
(385,	'West Khasi Hills',	22),
(387,	'Aizawl',	23),
(388,	'Champhai',	23),
(389,	'Kolasib',	23),
(390,	'Lawngtlai',	23),
(391,	'Lunglei',	23),
(392,	'Mamit',	23),
(393,	'Saiha',	23),
(394,	'Serchhip',	23),
(396,	'Dimapur',	24),
(397,	'Kohima',	24),
(398,	'Mokokchung',	24),
(399,	'Mon',	24),
(400,	'Phek',	24),
(401,	'Tuensang',	24),
(402,	'Wokha',	24),
(403,	'Zunheboto',	24),
(405,	'Angul',	25),
(406,	'Boudh',	25),
(407,	'Bhadrak',	25),
(408,	'Bolangir',	25),
(409,	'Bargarh',	25),
(410,	'Baleswar',	25),
(411,	'Cuttack',	25),
(412,	'Debagarh',	25),
(413,	'Dhenkanal',	25),
(414,	'Ganjam',	25),
(415,	'Gajapati',	25),
(416,	'Jharsuguda',	25),
(417,	'Jajapur',	25),
(418,	'Jagatsinghpur',	25),
(419,	'Khordha',	25),
(420,	'Kendujhar',	25),
(421,	'Kalahandi',	25),
(422,	'Kandhamal',	25),
(423,	'Koraput',	25),
(424,	'Kendrapara',	25),
(425,	'Malkangiri',	25),
(426,	'Mayurbhanj',	25),
(427,	'Nabarangpur',	25),
(428,	'Nuapada',	25),
(429,	'Nayagarh',	25),
(430,	'Puri',	25),
(431,	'Rayagada',	25),
(432,	'Sambalpur',	25),
(433,	'Subarnapur',	25),
(434,	'Sundargarh',	25),
(436,	'Karaikal',	26),
(437,	'Mahe',	26),
(438,	'Puducherry',	26),
(439,	'Yanam',	26),
(441,	'Amritsar',	27),
(442,	'Bathinda',	27),
(443,	'Firozpur',	27),
(444,	'Faridkot',	27),
(445,	'Fatehgarh Sahib',	27),
(446,	'Gurdaspur',	27),
(447,	'Hoshiarpur',	27),
(448,	'Jalandhar',	27),
(449,	'Kapurthala',	27),
(450,	'Ludhiana',	27),
(451,	'Mansa',	27),
(452,	'Moga',	27),
(453,	'Mukatsar',	27),
(454,	'Nawan Shehar',	27),
(455,	'Patiala',	27),
(456,	'Rupnagar',	27),
(457,	'Sangrur',	27),
(459,	'Ajmer',	28),
(460,	'Alwar',	28),
(461,	'Bikaner',	28),
(462,	'Barmer',	28),
(463,	'Banswara',	28),
(464,	'Bharatpur',	28),
(465,	'Baran',	28),
(466,	'Bundi',	28),
(467,	'Bhilwara',	28),
(468,	'Churu',	28),
(469,	'Chittorgarh',	28),
(470,	'Dausa',	28),
(471,	'Dholpur',	28),
(472,	'Dungapur',	28),
(473,	'Ganganagar',	28),
(474,	'Hanumangarh',	28),
(475,	'Juhnjhunun',	28),
(476,	'Jalore',	28),
(477,	'Jodhpur',	28),
(478,	'Jaipur',	28),
(479,	'Jaisalmer',	28),
(480,	'Jhalawar',	28),
(481,	'Karauli',	28),
(482,	'Kota',	28),
(483,	'Nagaur',	28),
(484,	'Pali',	28),
(485,	'Pratapgarh',	28),
(486,	'Rajsamand',	28),
(487,	'Sikar',	28),
(488,	'Sawai Madhopur',	28),
(489,	'Sirohi',	28),
(490,	'Tonk',	28),
(491,	'Udaipur',	28),
(493,	'East Sikkim',	29),
(494,	'North Sikkim',	29),
(495,	'South Sikkim',	29),
(496,	'West Sikkim',	29),
(498,	'Ariyalur',	30),
(499,	'Chennai',	30),
(500,	'Coimbatore',	30),
(501,	'Cuddalore',	30),
(502,	'Dharmapuri',	30),
(503,	'Dindigul',	30),
(504,	'Erode',	30),
(505,	'Kanchipuram',	30),
(506,	'Kanyakumari',	30),
(507,	'Karur',	30),
(508,	'Madurai',	30),
(509,	'Nagapattinam',	30),
(510,	'The Nilgiris',	30),
(511,	'Namakkal',	30),
(512,	'Perambalur',	30),
(513,	'Pudukkottai',	30),
(514,	'Ramanathapuram',	30),
(515,	'Salem',	30),
(516,	'Sivagangai',	30),
(517,	'Tiruppur',	30),
(518,	'Tiruchirappalli',	30),
(519,	'Theni',	30),
(520,	'Tirunelveli',	30),
(521,	'Thanjavur',	30),
(522,	'Thoothukudi',	30),
(523,	'Thiruvallur',	30),
(524,	'Thiruvarur',	30),
(525,	'Tiruvannamalai',	30),
(526,	'Vellore',	30),
(527,	'Villupuram',	30),
(529,	'Dhalai',	31),
(530,	'North Tripura',	31),
(531,	'South Tripura',	31),
(532,	'West Tripura',	31),
(534,	'Almora',	32),
(535,	'Bageshwar',	32),
(536,	'Chamoli',	32),
(537,	'Champawat',	32),
(538,	'Dehradun',	32),
(539,	'Haridwar',	32),
(540,	'Nainital',	32),
(541,	'Pauri Garhwal',	32),
(542,	'Pithoragharh',	32),
(543,	'Rudraprayag',	32),
(544,	'Tehri Garhwal',	32),
(545,	'Udham Singh Nagar',	32),
(546,	'Uttarkashi',	32),
(548,	'Agra',	33),
(549,	'Allahabad',	33),
(550,	'Aligarh',	33),
(551,	'Ambedkar Nagar',	33),
(552,	'Auraiya',	33),
(553,	'Azamgarh',	33),
(554,	'Barabanki',	33),
(555,	'Badaun',	33),
(556,	'Bagpat',	33),
(557,	'Bahraich',	33),
(558,	'Bijnor',	33),
(559,	'Ballia',	33),
(560,	'Banda',	33),
(561,	'Balrampur',	33),
(562,	'Bareilly',	33),
(563,	'Basti',	33),
(564,	'Bulandshahr',	33),
(565,	'Chandauli',	33),
(566,	'Chitrakoot',	33),
(567,	'Deoria',	33),
(568,	'Etah',	33),
(569,	'Kanshiram Nagar',	33),
(570,	'Etawah',	33),
(571,	'Firozabad',	33),
(572,	'Farrukhabad',	33),
(573,	'Fatehpur',	33),
(574,	'Faizabad',	33),
(575,	'Gautam Buddha Nagar',	33),
(576,	'Gonda',	33),
(577,	'Ghazipur',	33),
(578,	'Gorkakhpur',	33),
(579,	'Ghaziabad',	33),
(580,	'Hamirpur',	33),
(581,	'Hardoi',	33),
(582,	'Mahamaya Nagar',	33),
(583,	'Jhansi',	33),
(584,	'Jalaun',	33),
(585,	'Jyotiba Phule Nagar',	33),
(586,	'Jaunpur District',	33),
(587,	'Kanpur Dehat',	33),
(588,	'Kannauj',	33),
(589,	'Kanpur Nagar',	33),
(590,	'Kaushambi',	33),
(591,	'Kushinagar',	33),
(592,	'Lalitpur',	33),
(593,	'Lakhimpur Kheri',	33),
(594,	'Lucknow',	33),
(595,	'Mau',	33),
(596,	'Meerut',	33),
(597,	'Maharajganj',	33),
(598,	'Mahoba',	33),
(599,	'Mirzapur',	33),
(600,	'Moradabad',	33),
(601,	'Mainpuri',	33),
(602,	'Mathura',	33),
(603,	'Muzaffarnagar',	33),
(604,	'Pilibhit',	33),
(605,	'Pratapgarh',	33),
(606,	'Rampur',	33),
(607,	'Rae Bareli',	33),
(608,	'Saharanpur',	33),
(609,	'Sitapur',	33),
(610,	'Shahjahanpur',	33),
(611,	'Sant Kabir Nagar',	33),
(612,	'Siddharthnagar',	33),
(613,	'Sonbhadra',	33),
(614,	'Sant Ravidas Nagar',	33),
(615,	'Sultanpur',	33),
(616,	'Shravasti',	33),
(617,	'Unnao',	33),
(618,	'Varanasi',	33),
(620,	'Birbhum',	34),
(621,	'Bankura',	34),
(622,	'Bardhaman',	34),
(623,	'Darjeeling',	34),
(624,	'Dakshin Dinajpur',	34),
(625,	'Hooghly',	34),
(626,	'Howrah',	34),
(627,	'Jalpaiguri',	34),
(628,	'Cooch Behar',	34),
(629,	'Kolkata',	34),
(630,	'Malda',	34),
(631,	'Midnapore',	34),
(632,	'Murshidabad',	34),
(633,	'Nadia',	34),
(634,	'North 24 Parganas',	34),
(635,	'South 24 Parganas',	34),
(636,	'Purulia',	34),
(637,	'Uttar Dinajpur',	34);

DROP TABLE IF EXISTS `corporate`;
CREATE TABLE `corporate` (
  `corp_id` int(11) NOT NULL,
  `name` varchar(150) NOT NULL,
  `image` varchar(150) NOT NULL
) ENGINE=InnoDB DEFAULT CHARSET=latin1;


DROP TABLE IF EXISTS `role`;
CREATE TABLE `role` (
  `role_id` int(11) NOT NULL AUTO_INCREMENT,
  `name` varchar(150) NOT NULL,
  `status` enum('1','2') NOT NULL,
  PRIMARY KEY (`role_id`)
) ENGINE=InnoDB DEFAULT CHARSET=latin1;

INSERT INTO `role` (`role_id`, `name`, `status`) VALUES
(1,	'Admin',	'1'),
(2,	'corporate',	'1'),
(3,	'staff',	'1');

DROP TABLE IF EXISTS `staff`;
CREATE TABLE `staff` (
  `staff_id` int(11) NOT NULL AUTO_INCREMENT,
  `staff_name` varchar(150) NOT NULL,
  `staff_email` varchar(150) NOT NULL,
  `staff_pass` varchar(150) NOT NULL,
  PRIMARY KEY (`staff_id`)
) ENGINE=InnoDB DEFAULT CHARSET=latin1;

INSERT INTO `staff` (`staff_id`, `staff_name`, `staff_email`, `staff_pass`) VALUES
(4,	'santosh',	'santosh@craftacademia.com',	'$2y$10$g46lRplf9IdD3Z8KJwMLBecUjjyRyQjvu0c1.xTmE2rzbyNmtUfCG'),
(5,	'santosh',	'santosh@gmaail.com',	'$2y$10$e48zx42rzZWj2gGb2SbA7.FCmHWc1EE9W/oaQcxsRidM0HpTRzT8.'),
(6,	'prashant',	'prashant@gmail.com',	'$2y$10$woVVlGmfKmbfRv9DzhmBFerdr2ZYvFS06YTA1mKCgWgX7OvqKUC0y'),
(7,	'santosh',	'santosh@gmaail.com',	'$2y$10$tzhBOL3TwJWNYVusuolrf.MKM0mbJYaoW8EgKSTiF6lwow1TSikq.'),
(8,	'debraj',	'debraj@gmail.com',	'$2y$10$T1AYpv3H0PKa5YuZ8FrKbuEEf1EP9BQ8EdgJW0IOy8LHSl7g6GIB6');

DROP TABLE IF EXISTS `state`;
CREATE TABLE `state` (
  `state_id` int(11) NOT NULL AUTO_INCREMENT,
  `state_name` varchar(30) NOT NULL,
  `zone_id` int(11) NOT NULL DEFAULT '1',
  PRIMARY KEY (`state_id`),
  KEY `zone_id` (`zone_id`),
  CONSTRAINT `state_ibfk_1` FOREIGN KEY (`zone_id`) REFERENCES `zone` (`zone_id`)
) ENGINE=InnoDB DEFAULT CHARSET=latin1;

INSERT INTO `state` (`state_id`, `state_name`, `zone_id`) VALUES
(1,	'Andaman and Nicobar',	1),
(2,	'Arunachal Pradesh',	3),
(3,	'Andhra Pradesh',	1),
(4,	'Assam',	2),
(5,	'Bihar',	3),
(6,	'Chandigarh',	5),
(7,	'Dadra and Nagar Haveli',	4),
(8,	'Daman and Diu',	4),
(9,	'Delhi',	2),
(10,	'Goa',	4),
(11,	'Gujarat',	4),
(12,	'Haryana',	2),
(13,	'Himachal Pradesh',	2),
(14,	'Jammu and Kashmir',	2),
(15,	'Jharkhand',	5),
(16,	'Karnataka',	1),
(17,	'Kerala',	1),
(18,	'Lakshadweep',	1),
(19,	'Madhya Pradesh',	5),
(20,	'Maharashtra',	4),
(21,	'Manipur',	3),
(22,	'Meghalaya',	3),
(23,	'Mizoram',	3),
(24,	'Nagaland',	3),
(25,	'Orissa',	3),
(26,	'Puducherry',	1),
(27,	'Punjab',	2),
(28,	'Rajasthan',	2),
(29,	'Sikkim',	1),
(30,	'Tamil Nadu',	1),
(31,	'Tripura',	3),
(32,	'Uttarakhand',	2),
(33,	'Uttar Pradesh',	2),
(34,	'West Bengal',	3);

DROP TABLE IF EXISTS `tbl_users`;
CREATE TABLE `tbl_users` (
  `id` int(11) NOT NULL AUTO_INCREMENT,
  `first_name` varchar(100) NOT NULL,
  `last_name` varchar(100) NOT NULL,
  `password` varchar(100) NOT NULL,
  `email_id` varchar(100) NOT NULL,
  `gender` varchar(100) NOT NULL,
  `mobile` varchar(100) NOT NULL,
  `dob` varchar(100) NOT NULL,
  `zipcode` varchar(100) NOT NULL,
  `about_me` text NOT NULL,
  `basic_information` text NOT NULL,
  `work_education` text NOT NULL,
  `slogan` text NOT NULL,
  `zone_id` int(11) NOT NULL,
  `state_id` int(11) NOT NULL,
  `city_id` int(11) NOT NULL,
  PRIMARY KEY (`id`),
  UNIQUE KEY `mobile` (`mobile`),
  UNIQUE KEY `email_id` (`email_id`),
  KEY `zone_id` (`zone_id`),
  KEY `state_id` (`state_id`),
  KEY `city_id` (`city_id`)
) ENGINE=MyISAM DEFAULT CHARSET=latin1;

INSERT INTO `tbl_users` (`id`, `first_name`, `last_name`, `password`, `email_id`, `gender`, `mobile`, `dob`, `zipcode`, `about_me`, `basic_information`, `work_education`, `slogan`, `zone_id`, `state_id`, `city_id`) VALUES
(18,	'fdfdfdfdfdfdfdf',	'dfvdfvdfdfdfdf',	'323232',	'qwwee@gmail.com',	'M',	'334343434',	'05/04/2017',	'434343',	'rgbbvsvsvsfvs',	'fsfsfsfs',	'adfaff',	'prashant',	2,	9,	129),
(19,	'ewewewewewe',	'wewewe',	'sdfsdsdddsdsd',	'dddsdsdd@gmail.com',	'M',	'32323232',	'05/04/2017',	'43434343',	'dfdfdf',	'fdfdf',	'dfdfd',	'dfdfd',	4,	8,	121),
(20,	'efdfdf',	'dfdfd',	'ffdffdf',	'admin@dfdfd.com',	'M',	'23232323',	'05/04/2017',	'323232',	'dfdfdff',	'dfvdfdf',	'dfdf',	'dfdfdf',	1,	3,	30),
(21,	'sfsffmamamnam',	'sdsdjadajdaj',	'dsdsdsddsds',	'adminassddd@gmail.com',	'M',	'323232323',	'05/05/2017',	'2452525252',	'fdf',	'fdf',	'fdffd',	'sdfdfd',	1,	3,	31);

DROP TABLE IF EXISTS `zone`;
CREATE TABLE `zone` (
  `zone_id` int(11) NOT NULL AUTO_INCREMENT,
  `zone_name` varchar(150) NOT NULL,
  PRIMARY KEY (`zone_id`)
) ENGINE=InnoDB DEFAULT CHARSET=latin1;

INSERT INTO `zone` (`zone_id`, `zone_name`) VALUES
(1,	'South '),
(2,	'North '),
(3,	'East '),
(4,	'West'),
(5,	'Central');

-- 2017-05-06 15:58:40
